{"cameraMode":{"drawMode":0,"name":"Shaded","section":"Shading Mode"},"sceneLighting":false,"audioPlay":false,"sceneViewState":{"m_AlwaysRefresh":false,"showFog":true,"showSkybox":false,"showFlares":true,"showImageEffects":true,"showParticleSystems":true,"showVisualEffectGraphs":true,"m_FxEnabled":true},"in2DMode":false,"pivot":{"x":8.279684066772461,"y":0.7879999876022339,"z":-23.477617263793947},"rotation":{"x":0.33777421712875368,"y":0.17559397220611573,"z":-0.06429293006658554,"w":0.9224708080291748},"size":1.6818708181381226,"orthographic":false}