{"cameraMode":{"drawMode":0,"name":"Shaded","section":"Shading Mode"},"sceneLighting":false,"audioPlay":false,"sceneViewState":{"m_AlwaysRefresh":false,"showFog":true,"showSkybox":false,"showFlares":true,"showImageEffects":true,"showParticleSystems":true,"showVisualEffectGraphs":true,"m_FxEnabled":true},"in2DMode":false,"pivot":{"x":-0.6667690277099609,"y":2.384185791015625e-7,"z":-0.11217498779296875},"rotation":{"x":0.12286552041769028,"y":0.8624967336654663,"z":-0.2512919306755066,"w":0.42175161838531496},"size":4.527692794799805,"orthographic":false}